1 stk ting;Førerhus
2 stk ting2;Førerhus
2 stk ting;Førerhus
3 stk ting2;Førerhus
3 stk ting;Førerhus
4 stk ting2;Førerhus
4 stk ting;Førerhus
5 stk ting2;Førerhus
5 stk ting;Førerhus
6 stk ting2;Venstre luke
6 stk ting;Venstre luke
7 stk ting2;Venstre luke
7 stk ting;Venstre luke
8 stk ting2;Venstre luke
8 stk ting;Venstre luke
9 stk ting2;Venstre luke
9 stk ting;Venstre luke
10 stk ting2;Venstre luke
10 stk ting;Venstre luke
11 stk ting2;Venstre luke
11 stk ting;Venstre luke
12 stk ting2;Venstre luke
12 stk ting;Venstre luke
13 stk ting2;Venstre luke
13 stk ting;Venstre luke
14 stk ting2;Venstre luke
14 stk ting;Venstre luke
15 stk ting2;Venstre luke
15 stk ting;Venstre luke
16 stk ting2;Venstre luke
16 stk ting;Venstre luke
17 stk ting2;Venstre luke
17 stk ting;Venstre luke
18 stk ting2;Venstre luke
18 stk ting;Venstre luke
19 stk ting2;Venstre luke
19 stk ting;Venstre luke
20 stk ting2;Venstre luke
20 stk ting;Venstre luke
21 stk ting2;Venstre luke
21 stk ting;Venstre luke
22 stk ting2;Venstre luke
22 stk ting;Venstre luke
23 stk ting2;Venstre luke
23 stk ting;Venstre luke
24 stk ting2;Venstre luke
24 stk ting;Venstre luke
25 stk ting2;Venstre luke
25 stk ting;Venstre luke
26 stk ting2;Venstre luke
26 stk ting;Bakre luke venstre
27 stk ting2;Bakre luke høyre
27 stk ting;Bakre luke høyre
28 stk ting2;Bakre luke høyre
28 stk ting;Bakre luke høyre
29 stk ting2;Bakre luke høyre
29 stk ting;Bakre luke høyre
30 stk ting2;Bakre luke høyre
30 stk ting;Bakre luke høyre
31 stk ting2;Bakre luke høyre
31 stk ting;Bakre luke høyre
32 stk ting2;Bakre luke høyre
32 stk ting;Bakre luke høyre
33 stk ting2;Bakre luke høyre
33 stk ting;Bakre luke høyre
34 stk ting2;Bakre luke høyre
34 stk ting;Bakre luke høyre
35 stk ting2;Bakre luke høyre
35 stk ting;Bakre luke høyre
36 stk ting2;Bakre luke høyre
36 stk ting;Bakre luke høyre
37 stk ting2;Bakre luke høyre
37 stk ting;Bakre luke høyre
38 stk ting2;Bakre luke høyre
38 stk ting;Bakre luke høyre
39 stk ting2;Bakre luke høyre
39 stk ting;Bakre luke høyre
40 stk ting2;Bakre luke høyre
40 stk ting;Bakre luke høyre
41 stk ting2;Bakre luke høyre
41 stk ting;Høyre luke
42 stk ting2;Høyre luke
42 stk ting;Høyre luke
43 stk ting2;Høyre luke
43 stk ting;Høyre luke
44 stk ting2;Høyre luke
44 stk ting;Høyre luke
45 stk ting2;Høyre luke
45 stk ting;Høyre luke
46 stk ting2;Høyre luke
46 stk ting;Høyre luke
47 stk ting2;Høyre luke
47 stk ting;Høyre luke
48 stk ting2;Høyre luke
48 stk ting;Høyre luke
49 stk ting2;Høyre luke
49 stk ting;Høyre luke
50 stk ting2;Høyre luke
50 stk ting;Høyre luke
51 stk ting2;Høyre luke
51 stk ting;Høyre luke
52 stk ting2;Høyre luke
52 stk ting;Høyre luke
53 stk ting2;Høyre luke
53 stk ting;Høyre luke
54 stk ting2;Høyre luke
54 stk ting;Høyre luke
55 stk ting2;Høyre luke
55 stk ting;Høyre luke
56 stk ting2;Høyre luke
56 stk ting;Høyre luke
57 stk ting2;Tak
57 stk ting;Tak
58 stk ting2;Tak
58 stk ting;Tak
59 stk ting2;Tak
59 stk ting;Tak
60 stk ting2;Tak
60 stk ting;Tak
61 stk ting2;Tak
61 stk ting;Tak
62 stk ting2;Tak
62 stk ting;Tak
63 stk ting2;Tak
63 stk ting;Tak
64 stk ting2;Tak
64 stk ting;Tak
65 stk ting2;Tak
65 stk ting;Tak
66 stk ting2;Tak
66 stk ting;Tak
67 stk ting2;Tak
67 stk ting;Tak
68 stk ting2;Tak
68 stk ting;Tak
69 stk ting2;Tak
69 stk ting;Tak
70 stk ting2;Tak
70 stk ting;Tak
71 stk ting2;Tak
71 stk ting;Tak
72 stk ting2;Tak
72 stk ting;Tak
73 stk ting2;Tak
73 stk ting;Tak
74 stk ting2;Tak
74 stk ting;Tak
75 stk ting2;Tak
75 stk ting;Tak
76 stk ting2;Tak
76 stk ting;Tak
77 stk ting2;Tak
77 stk ting;Tak
78 stk ting2;Tak
78 stk ting;Tak
79 stk ting2;Tak
79 stk ting;Tak
80 stk ting2;Tak
80 stk ting;Tak
81 stk ting2;Tak
81 stk ting;Tak
82 stk ting2;Tak
82 stk ting;Tak
83 stk ting2;Tak
83 stk ting;Tak
84 stk ting2;Tak
84 stk ting;Tak
85 stk ting2;Tak
85 stk ting;Tak
86 stk ting2;Tak
86 stk ting;Tak
87 stk ting2;Tak
87 stk ting;Tak
88 stk ting2;Tak
88 stk ting;Tak
89 stk ting2;Tak
89 stk ting;Tak
90 stk ting2;Tak
90 stk ting;Tak
91 stk ting2;Tak
91 stk ting;Tak
92 stk ting2;Tak
92 stk ting;Tak
93 stk ting2;Tak
93 stk ting;Tak
94 stk ting2;Tak
94 stk ting;Tak
95 stk ting2;Tak
95 stk ting;Tak
96 stk ting2;Tak
96 stk ting;Tak
97 stk ting2;Tak
97 stk ting;Tak
98 stk ting2;Tak
98 stk ting;Tak
99 stk ting2;Tak
99 stk ting;Tak
100 stk ting2;Tak
100 stk ting;Tak
101 stk ting2;Tak
101 stk ting;Tak
102 stk ting2;Tak
102 stk ting;Tak
103 stk ting2;Tak
103 stk ting;Tak
104 stk ting2;Tak
104 stk ting;Tak
105 stk ting2;Tak
105 stk ting;Tak
106 stk ting2;Tak
106 stk ting;Tak
107 stk ting2;Tak
107 stk ting;Tak
